"image","n","p","frobenius","k","error","rel","cumvar","k95","k99","k999"
"image1",1000,100,705.461677189919,1,313.961499097716,0.445044017625913,0.801935822375386,63,91,99
"image1",1000,100,705.461677189919,2,311.281340974546,0.441244862817326,0.80530297103732,63,91,99
"image1",1000,100,705.461677189919,3,308.619518425811,0.437471698895314,0.808618512665648,63,91,99
"image1",1000,100,705.461677189919,4,306.003933679034,0.433764077586675,0.811848724995381,63,91,99
"image1",1000,100,705.461677189919,5,303.387356244163,0.430055049131304,0.815052654716671,63,91,99
"image1",1000,100,705.461677189919,6,300.763428600428,0.426335601670761,0.81823795474803,63,91,99
"image1",1000,100,705.461677189919,7,298.162922441141,0.422649354432433,0.821367523197848,63,91,99
"image1",1000,100,705.461677189919,8,295.625046156076,0.419051885757488,0.824395517043093,63,91,99
"image1",1000,100,705.461677189919,9,293.094424042108,0.415464699953082,0.827389083092895,63,91,99
"image1",1000,100,705.461677189919,10,290.559720087473,0.411871728092823,0.830361679597831,63,91,99
"image1",1000,100,705.461677189919,11,288.0242714002,0.408277700565526,0.833309319220927,63,91,99
"image1",1000,100,705.461677189919,12,285.510317640437,0.404714142343942,0.836206462986807,63,91,99
"image1",1000,100,705.461677189919,13,282.999871053962,0.401155555580625,0.8390742202268,63,91,99
"image1",1000,100,705.461677189919,14,280.514894181129,0.397633072427847,0.841887939711591,63,91,99
"image1",1000,100,705.461677189919,15,278.03392930702,0.394116276329167,0.844672360732431,63,91,99
"image1",1000,100,705.461677189919,16,275.557786918902,0.390606316159564,0.847426705776255,63,91,99
"image1",1000,100,705.461677189919,17,273.067229058961,0.387075921893697,0.850172230690145,63,91,99
"image1",1000,100,705.461677189919,18,270.583621174247,0.38355537929724,0.85288527101215,63,91,99
"image1",1000,100,705.461677189919,19,268.093959747352,0.380026255735473,0.855580044951676,63,91,99
"image1",1000,100,705.461677189919,20,265.636816074708,0.376543226462456,0.858215198605243,63,91,99
"image1",1000,100,705.461677189919,21,263.160462963598,0.373032967590601,0.86084640509055,63,91,99
"image1",1000,100,705.461677189919,22,260.686584489126,0.369526216544496,0.86345037528631,63,91,99
"image1",1000,100,705.461677189919,23,258.202256919784,0.366004653786846,0.86604059340637,63,91,99
"image1",1000,100,705.461677189919,24,255.73490446544,0.36250715344895,0.868588563698339,63,91,99
"image1",1000,100,705.461677189919,25,253.270665024224,0.359014065842787,0.871108900527031,63,91,99
"image1",1000,100,705.461677189919,26,250.80097233221,0.355513248191214,0.873610330360532,63,91,99
"image1",1000,100,705.461677189919,27,248.347151388612,0.352034928924641,0.876071408817023,63,91,99
"image1",1000,100,705.461677189919,28,245.893655508464,0.348557070439229,0.878507968646822,63,91,99
"image1",1000,100,705.461677189919,29,243.439059731418,0.345077652837378,0.880921413512246,63,91,99
"image1",1000,100,705.461677189919,30,240.978808991544,0.341590219261009,0.883316122105215,63,91,99
"image1",1000,100,705.461677189919,31,238.500211944486,0.33807677958427,0.885704091105929,63,91,99
"image1",1000,100,705.461677189919,32,236.055627388852,0.334611553003329,0.8880351085967,63,91,99
"image1",1000,100,705.461677189919,33,233.612542597685,0.331148452355682,0.890340702502437,63,91,99
"image1",1000,100,705.461677189919,34,231.159013002615,0.327670546078982,0.892632013232302,63,91,99
"image1",1000,100,705.461677189919,35,228.700914561201,0.324186163410308,0.894903331453305,63,91,99
"image1",1000,100,705.461677189919,36,226.228912534664,0.320682072250624,0.897163008537045,63,91,99
"image1",1000,100,705.461677189919,37,223.757460452539,0.317178760643436,0.899397633796693,63,91,99
"image1",1000,100,705.461677189919,38,221.288116379681,0.313678437163508,0.901605838058659,63,91,99
"image1",1000,100,705.461677189919,39,218.826183976305,0.310188619809881,0.903783020140441,63,91,99
"image1",1000,100,705.461677189919,40,216.356020313683,0.306687134552083,0.905943001500232,63,91,99
"image1",1000,100,705.461677189919,41,213.894527488054,0.303197940304942,0.90807100899484,63,91,99
"image1",1000,100,705.461677189919,42,211.426360824057,0.299699285815548,0.91018033808165,63,91,99
"image1",1000,100,705.461677189919,43,208.955357541141,0.296196610386374,0.912267567995622,63,91,99
"image1",1000,100,705.461677189919,44,206.476493533942,0.292682792290582,0.914336783096988,63,91,99
"image1",1000,100,705.461677189919,45,203.980726100247,0.289145013394303,0.916395161229208,63,91,99
"image1",1000,100,705.461677189919,46,201.463256534849,0.285576471478,0.918446078938175,63,91,99
"image1",1000,100,705.461677189919,47,198.955316622842,0.282021437954425,0.920463908534118,63,91,99
"image1",1000,100,705.461677189919,48,196.447922032335,0.278467177430318,0.922456031093992,63,91,99
"image1",1000,100,705.461677189919,49,193.926771761749,0.274893418072293,0.924433608700532,63,91,99
"image1",1000,100,705.461677189919,50,191.40851511866,0.271323760464356,0.926383417007481,63,91,99
"image1",1000,100,705.461677189919,51,188.903775440574,0.267773263308984,0.928297479456857,63,91,99
"image1",1000,100,705.461677189919,52,186.388180000309,0.264207377986502,0.930194461417497,63,91,99
"image1",1000,100,705.461677189919,53,183.84205571772,0.260598217680686,0.93208856894165,63,91,99
"image1",1000,100,705.461677189919,54,181.287725711657,0.256977425667946,0.933962602697075,63,91,99
"image1",1000,100,705.461677189919,55,178.709335692208,0.253322528310914,0.935827696650166,63,91,99
"image1",1000,100,705.461677189919,56,176.117367714991,0.249648384043373,0.937675684344533,63,91,99
"image1",1000,100,705.461677189919,57,173.504934172423,0.24594522960276,0.939510944035646,63,91,99
"image1",1000,100,705.461677189919,58,170.895915085276,0.242246915191779,0.941316432080067,63,91,99
"image1",1000,100,705.461677189919,59,168.310583421097,0.238582177973908,0.943078544353226,63,91,99
"image1",1000,100,705.461677189919,60,165.68733984162,0.234863700182277,0.944839042336689,63,91,99
"image1",1000,100,705.461677189919,61,163.03242693989,0.231100330763963,0.946592637120787,63,91,99
"image1",1000,100,705.461677189919,62,160.365700466925,0.227320215473239,0.9483255196372,63,91,99
"image1",1000,100,705.461677189919,63,157.685670362117,0.223521242132145,0.950038254315703,63,91,99
"image1",1000,100,705.461677189919,64,155.004676534173,0.219720902702478,0.951722724915608,63,91,99
"image1",1000,100,705.461677189919,65,152.322976007989,0.215919561519969,0.953378742953024,63,91,99
"image1",1000,100,705.461677189919,66,149.609758962039,0.212073545310049,0.955024811379627,63,91,99
"image1",1000,100,705.461677189919,67,146.887232345382,0.208214332677121,0.956646791667821,63,91,99
"image1",1000,100,705.461677189919,68,144.136041768359,0.204314488552375,0.958255589767581,63,91,99
"image1",1000,100,705.461677189919,69,141.339782781962,0.200350759441623,0.959859573191165,63,91,99
"image1",1000,100,705.461677189919,70,138.549317809858,0.196395243412433,0.961428908364971,63,91,99
"image1",1000,100,705.461677189919,71,135.723514870686,0.192389635410553,0.962986228186594,63,91,99
"image1",1000,100,705.461677189919,72,132.880547842744,0.188359697116433,0.964520624502206,63,91,99
"image1",1000,100,705.461677189919,73,130.01347544513,0.184295589184965,0.966035135806967,63,91,99
"image1",1000,100,705.461677189919,74,127.125265285598,0.1802015182341,0.967527412826125,63,91,99
"image1",1000,100,705.461677189919,75,124.17735774093,0.176022825556689,0.969015964883039,63,91,99
"image1",1000,100,705.461677189919,76,121.207837800371,0.171813497060791,0.970480122227741,63,91,99
"image1",1000,100,705.461677189919,77,118.198559543211,0.167547810696158,0.971927731130924,63,91,99
"image1",1000,100,705.461677189919,78,115.176446465546,0.163263930826591,0.97334488889105,63,91,99
"image1",1000,100,705.461677189919,79,112.096112222068,0.158897521788261,0.974751577569549,63,91,99
"image1",1000,100,705.461677189919,80,108.945949970019,0.154432130748739,0.976150716992404,63,91,99
"image1",1000,100,705.461677189919,81,105.779219338665,0.149943253841963,0.977517020627285,63,91,99
"image1",1000,100,705.461677189919,82,102.540585387988,0.145352453157258,0.978872664361167,63,91,99
"image1",1000,100,705.461677189919,83,99.2405177547687,0.140674569524564,0.980210665489079,63,91,99
"image1",1000,100,705.461677189919,84,95.8950393889938,0.135932315658839,0.981522405559626,63,91,99
"image1",1000,100,705.461677189919,85,92.4343511375393,0.131026750461818,0.982831990663416,63,91,99
"image1",1000,100,705.461677189919,86,88.9500324017444,0.126087688782842,0.984101894737401,63,91,99
"image1",1000,100,705.461677189919,87,85.3573025424956,0.120994953095824,0.985360221325339,63,91,99
"image1",1000,100,705.461677189919,88,81.6684932939675,0.115766023775068,0.98659822773931,63,91,99
"image1",1000,100,705.461677189919,89,77.8212966081112,0.110312578449475,0.987831135035828,63,91,99
"image1",1000,100,705.461677189919,90,73.828211911089,0.104652335198661,0.989047888737467,63,91,99
"image1",1000,100,705.461677189919,91,69.7067416863274,0.0988101039931634,0.99023656334886,63,91,99
"image1",1000,100,705.461677189919,92,65.3694733711126,0.0926619765250754,0.991413758106466,63,91,99
"image1",1000,100,705.461677189919,93,60.785063062963,0.0861635224539616,0.992575847398326,63,91,99
"image1",1000,100,705.461677189919,94,55.9719009634374,0.0793408101009702,0.993705035852522,63,91,99
"image1",1000,100,705.461677189919,95,50.783301656201,0.0719859112099288,0.994818028587276,63,91,99
"image1",1000,100,705.461677189919,96,45.1256997091573,0.063966195710173,0.995908325806368,63,91,99
"image1",1000,100,705.461677189919,97,38.8113451401155,0.0550155258535284,0.99697329191506,63,91,99
"image1",1000,100,705.461677189919,98,31.4574477998598,0.0445912922232218,0.998011616657863,63,91,99
"image1",1000,100,705.461677189919,99,22.1358207661053,0.0313777792356906,0.999015434970236,63,91,99
"image1",1000,100,705.461677189919,100,6.51846672286074e-12,9.24000117033413e-15,1,63,91,99
"image2",1000,100,37538.7903476,1,2.04824775460643,5.4563499133567e-05,0.999999997022824,1,1,1
"image2",1000,100,37538.7903476,2,2.27223178084234e-09,6.05302344535355e-14,1,1,1,1
"image2",1000,100,37538.7903476,3,2.24829989143325e-09,5.98927101969601e-14,1,1,1,1
"image2",1000,100,37538.7903476,4,2.20109603654769e-09,5.86352414706515e-14,1,1,1,1
"image2",1000,100,37538.7903476,5,2.20114844668386e-09,5.86366376300824e-14,1,1,1,1
"image2",1000,100,37538.7903476,6,2.19846550237544e-09,5.85651663790491e-14,1,1,1,1
"image2",1000,100,37538.7903476,7,2.19220632071896e-09,5.83984273446126e-14,1,1,1,1
"image2",1000,100,37538.7903476,8,2.17920029553395e-09,5.80519583970366e-14,1,1,1,1
"image2",1000,100,37538.7903476,9,2.1722918587691e-09,5.78679237837504e-14,1,1,1,1
"image2",1000,100,37538.7903476,10,2.15800816037647e-09,5.74874187578727e-14,1,1,1,1
"image2",1000,100,37538.7903476,11,2.14173283447348e-09,5.70538585458285e-14,1,1,1,1
"image2",1000,100,37538.7903476,12,2.12045877425993e-09,5.64871364960087e-14,1,1,1,1
"image2",1000,100,37538.7903476,13,2.11023536504533e-09,5.62147939639254e-14,1,1,1,1
"image2",1000,100,37538.7903476,14,2.10166311659998e-09,5.59864368867268e-14,1,1,1,1
"image2",1000,100,37538.7903476,15,2.09338932834853e-09,5.57660305237399e-14,1,1,1,1
"image2",1000,100,37538.7903476,16,2.08679283588048e-09,5.5590305829178e-14,1,1,1,1
"image2",1000,100,37538.7903476,17,2.07610445632721e-09,5.5305576900667e-14,1,1,1,1
"image2",1000,100,37538.7903476,18,2.07494290216832e-09,5.52746341305848e-14,1,1,1,1
"image2",1000,100,37538.7903476,19,2.07357033344174e-09,5.52380701200275e-14,1,1,1,1
"image2",1000,100,37538.7903476,20,2.06710640207624e-09,5.50658767353808e-14,1,1,1,1
"image2",1000,100,37538.7903476,21,2.06696079341821e-09,5.5061997850188e-14,1,1,1,1
"image2",1000,100,37538.7903476,22,2.06680052587586e-09,5.505772846535e-14,1,1,1,1
"image2",1000,100,37538.7903476,23,2.06415209577959e-09,5.49871766422424e-14,1,1,1,1
"image2",1000,100,37538.7903476,24,2.0637403216808e-09,5.49762073463495e-14,1,1,1,1
"image2",1000,100,37538.7903476,25,2.06354716165614e-09,5.49710617350265e-14,1,1,1,1
"image2",1000,100,37538.7903476,26,2.06330260989643e-09,5.49645470935733e-14,1,1,1,1
"image2",1000,100,37538.7903476,27,2.06237878493475e-09,5.4939937217945e-14,1,1,1,1
"image2",1000,100,37538.7903476,28,2.0550547644732e-09,5.47448318244647e-14,1,1,1,1
"image2",1000,100,37538.7903476,29,2.05300032315674e-09,5.469010333435e-14,1,1,1,1
"image2",1000,100,37538.7903476,30,2.04839463884797e-09,5.45674119991703e-14,1,1,1,1
"image2",1000,100,37538.7903476,31,2.0479134529897e-09,5.45545936357171e-14,1,1,1,1
"image2",1000,100,37538.7903476,32,2.04387682994783e-09,5.44470615867488e-14,1,1,1,1
"image2",1000,100,37538.7903476,33,2.04063623389988e-09,5.43607349891694e-14,1,1,1,1
"image2",1000,100,37538.7903476,34,2.03238894237433e-09,5.41410344754028e-14,1,1,1,1
"image2",1000,100,37538.7903476,35,2.03234901665954e-09,5.41399708898577e-14,1,1,1,1
"image2",1000,100,37538.7903476,36,2.02986111400159e-09,5.40736953749861e-14,1,1,1,1
"image2",1000,100,37538.7903476,37,2.02753219201467e-09,5.40116549638445e-14,1,1,1,1
"image2",1000,100,37538.7903476,38,2.02742973001912e-09,5.40089254673798e-14,1,1,1,1
"image2",1000,100,37538.7903476,39,2.00484641537941e-09,5.34073260436743e-14,1,1,1,1
"image2",1000,100,37538.7903476,40,2.00381431123355e-09,5.33798317068482e-14,1,1,1,1
"image2",1000,100,37538.7903476,41,2.00160988639801e-09,5.3321107789132e-14,1,1,1,1
"image2",1000,100,37538.7903476,42,1.96950657177001e-09,5.24659040297479e-14,1,1,1,1
"image2",1000,100,37538.7903476,43,1.96813656932974e-09,5.24294083827763e-14,1,1,1,1
"image2",1000,100,37538.7903476,44,1.95641013903039e-09,5.21170267052965e-14,1,1,1,1
"image2",1000,100,37538.7903476,45,1.95400508917375e-09,5.2052958315389e-14,1,1,1,1
"image2",1000,100,37538.7903476,46,1.93300140760047e-09,5.14934389121587e-14,1,1,1,1
"image2",1000,100,37538.7903476,47,1.9192566007181e-09,5.11272894769984e-14,1,1,1,1
"image2",1000,100,37538.7903476,48,1.91898667427301e-09,5.11200988764866e-14,1,1,1,1
"image2",1000,100,37538.7903476,49,1.87176542112434e-09,4.9862166675917e-14,1,1,1,1
"image2",1000,100,37538.7903476,50,1.87147628141697e-09,4.985446425118e-14,1,1,1,1
"image2",1000,100,37538.7903476,51,1.86183230985014e-09,4.95975574228691e-14,1,1,1,1
"image2",1000,100,37538.7903476,52,1.86129639242831e-09,4.95832810592233e-14,1,1,1,1
"image2",1000,100,37538.7903476,53,1.37511693090366e-09,3.66318924549889e-14,1,1,1,1
"image2",1000,100,37538.7903476,54,1.37165135499204e-09,3.65395725938659e-14,1,1,1,1
"image2",1000,100,37538.7903476,55,1.37156752819277e-09,3.65373395224617e-14,1,1,1,1
"image2",1000,100,37538.7903476,56,1.34720030859062e-09,3.58882184565851e-14,1,1,1,1
"image2",1000,100,37538.7903476,57,1.34408904655361e-09,3.58053372020695e-14,1,1,1,1
"image2",1000,100,37538.7903476,58,1.3438674591133e-09,3.57994343096678e-14,1,1,1,1
"image2",1000,100,37538.7903476,59,1.29062507346271e-09,3.43811044924954e-14,1,1,1,1
"image2",1000,100,37538.7903476,60,1.29047464617974e-09,3.43770972434183e-14,1,1,1,1
"image2",1000,100,37538.7903476,61,1.28724379777945e-09,3.42910303145063e-14,1,1,1,1
"image2",1000,100,37538.7903476,62,1.28663061222995e-09,3.42746955966365e-14,1,1,1,1
"image2",1000,100,37538.7903476,63,1.28547950137251e-09,3.42440310268201e-14,1,1,1,1
"image2",1000,100,37538.7903476,64,1.26580196104668e-09,3.37198388473806e-14,1,1,1,1
"image2",1000,100,37538.7903476,65,1.24681607766418e-09,3.32140717939756e-14,1,1,1,1
"image2",1000,100,37538.7903476,66,1.24689070498848e-09,3.32160597995455e-14,1,1,1,1
"image2",1000,100,37538.7903476,67,1.24688927839544e-09,3.32160217963751e-14,1,1,1,1
"image2",1000,100,37538.7903476,68,1.24457939140666e-09,3.31544884606605e-14,1,1,1,1
"image2",1000,100,37538.7903476,69,1.23963137546396e-09,3.30226777151121e-14,1,1,1,1
"image2",1000,100,37538.7903476,70,1.19026279679256e-09,3.1707542671754e-14,1,1,1,1
"image2",1000,100,37538.7903476,71,1.12649901041719e-09,3.00089320936047e-14,1,1,1,1
"image2",1000,100,37538.7903476,72,1.10672279825028e-09,2.94821113840456e-14,1,1,1,1
"image2",1000,100,37538.7903476,73,1.10017267345317e-09,2.93076218830134e-14,1,1,1,1
"image2",1000,100,37538.7903476,74,1.08765095450457e-09,2.89740544229899e-14,1,1,1,1
"image2",1000,100,37538.7903476,75,1.08161759425306e-09,2.8813331070009e-14,1,1,1,1
"image2",1000,100,37538.7903476,76,1.06692185108558e-09,2.84218495376687e-14,1,1,1,1
"image2",1000,100,37538.7903476,77,1.02509633252353e-09,2.73076549092655e-14,1,1,1,1
"image2",1000,100,37538.7903476,78,1.02451261449041e-09,2.72921051798332e-14,1,1,1,1
"image2",1000,100,37538.7903476,79,9.12721160204478e-10,2.43140802288221e-14,1,1,1,1
"image2",1000,100,37538.7903476,80,9.12644458860963e-10,2.43120369732242e-14,1,1,1,1
"image2",1000,100,37538.7903476,81,9.0559690984428e-10,2.41242965332307e-14,1,1,1,1
"image2",1000,100,37538.7903476,82,9.053384561414e-10,2.41174115563711e-14,1,1,1,1
"image2",1000,100,37538.7903476,83,9.05138139993849e-10,2.41120753122967e-14,1,1,1,1
"image2",1000,100,37538.7903476,84,8.51570116996539e-10,2.26850708057241e-14,1,1,1,1
"image2",1000,100,37538.7903476,85,8.51543481136103e-10,2.26843612500834e-14,1,1,1,1
"image2",1000,100,37538.7903476,86,8.50138683004704e-10,2.26469386768361e-14,1,1,1,1
"image2",1000,100,37538.7903476,87,8.31854900653317e-10,2.21598749706782e-14,1,1,1,1
"image2",1000,100,37538.7903476,88,8.16805016991474e-10,2.17589594504261e-14,1,1,1,1
"image2",1000,100,37538.7903476,89,7.74186916893339e-10,2.06236511545673e-14,1,1,1,1
"image2",1000,100,37538.7903476,90,7.49043619969812e-10,1.99538560788414e-14,1,1,1,1
"image2",1000,100,37538.7903476,91,7.2060053983389e-10,1.91961577120974e-14,1,1,1,1
"image2",1000,100,37538.7903476,92,6.39948136886027e-10,1.70476494037305e-14,1,1,1,1
"image2",1000,100,37538.7903476,93,6.2640152478459e-10,1.6686779701324e-14,1,1,1,1
"image2",1000,100,37538.7903476,94,6.04013507970798e-10,1.60903828380665e-14,1,1,1,1
"image2",1000,100,37538.7903476,95,6.01293162151168e-10,1.60179152440273e-14,1,1,1,1
"image2",1000,100,37538.7903476,96,3.28453924534816e-10,8.74972052890926e-15,1,1,1,1
"image2",1000,100,37538.7903476,97,2.55099810296157e-10,6.79563214301781e-15,1,1,1,1
"image2",1000,100,37538.7903476,98,1.54453302622189e-10,4.11449866103806e-15,1,1,1,1
"image2",1000,100,37538.7903476,99,5.53161382290004e-11,1.47357274213651e-15,1,1,1,1
"image2",1000,100,37538.7903476,100,2.15686416395414e-11,5.74569437102822e-16,1,1,1,1
"image3",376,345,360.16523985526,1,222.670550754697,0.618245533200765,0.617772460677302,10,33,137
"image3",376,345,360.16523985526,2,176.022111712672,0.488725985282227,0.761146911309915,10,33,137
"image3",376,345,360.16523985526,3,150.005464516438,0.416490676825784,0.826535516117199,10,33,137
"image3",376,345,360.16523985526,4,130.586483810781,0.362573811573986,0.868540231160711,10,33,137
"image3",376,345,360.16523985526,5,119.29745317031,0.331229780026112,0.890286832823853,10,33,137
"image3",376,345,360.16523985526,6,109.320196612234,0.303527893630621,0.907870817788158,10,33,137
"image3",376,345,360.16523985526,7,99.5900591353356,0.276512134195287,0.923541039642766,10,33,137
"image3",376,345,360.16523985526,8,91.3586177035671,0.253657509370647,0.935657867939879,10,33,137
"image3",376,345,360.16523985526,9,84.5867492769219,0.234855393904517,0.944842943953953,10,33,137
"image3",376,345,360.16523985526,10,79.1307339025805,0.21970674886444,0.951728944503417,10,33,137
"image3",376,345,360.16523985526,11,74.1334962179835,0.205831901623198,0.957633228274177,10,33,137
"image3",376,345,360.16523985526,12,70.2817126218602,0.195137411511739,0.961921390628497,10,33,137
"image3",376,345,360.16523985526,13,66.404654392279,0.184372746295464,0.966006690423467,10,33,137
"image3",376,345,360.16523985526,14,63.1875979175022,0.175440578171551,0.969220603530831,10,33,137
"image3",376,345,360.16523985526,15,60.5709195020415,0.16817536174891,0.971717047700622,10,33,137
"image3",376,345,360.16523985526,16,57.9845144876296,0.160994199526117,0.974080867718944,10,33,137
"image3",376,345,360.16523985526,17,55.5084616297229,0.154119430437068,0.976247201161752,10,33,137
"image3",376,345,360.16523985526,18,53.1695018321224,0.147625300691121,0.978206770595855,10,33,137
"image3",376,345,360.16523985526,19,51.2773179548401,0.142371645790823,0.979730314474811,10,33,137
"image3",376,345,360.16523985526,20,49.5573052014188,0.137596024595084,0.981067334015628,10,33,137
"image3",376,345,360.16523985526,21,47.9851507152215,0.133230932375665,0.98224951865831,10,33,137
"image3",376,345,360.16523985526,22,46.409534815808,0.128856229530808,0.983396072111102,10,33,137
"image3",376,345,360.16523985526,23,45.1166616594764,0.125266562863222,0.984308288228433,10,33,137
"image3",376,345,360.16523985526,24,43.8764527942576,0.121823118777065,0.985159127731428,10,33,137
"image3",376,345,360.16523985526,25,42.7969674223638,0.118825924010775,0.985880399782984,10,33,137
"image3",376,345,360.16523985526,26,41.7561423084183,0.115936069580726,0.986558827770172,10,33,137
"image3",376,345,360.16523985526,27,40.8391406545838,0.113390011404198,0.987142705313754,10,33,137
"image3",376,345,360.16523985526,28,39.9500488182084,0.11092144492973,0.9876964330547,10,33,137
"image3",376,345,360.16523985526,29,39.0549482534285,0.108436195200635,0.988241591570408,10,33,137
"image3",376,345,360.16523985526,30,38.162651556447,0.105958730419913,0.988772747447799,10,33,137
"image3",376,345,360.16523985526,31,37.3603636155145,0.103731175253138,0.989239843280602,10,33,137
"image3",376,345,360.16523985526,32,36.5698380684829,0.101536278412595,0.989690384166119,10,33,137
"image3",376,345,360.16523985526,33,35.8225470214829,0.0994614223068247,0.990107425472702,10,33,137
"image3",376,345,360.16523985526,34,35.1666439435174,0.0976403052044938,0.990466370799572,10,33,137
"image3",376,345,360.16523985526,35,34.530640901213,0.0958744406181169,0.990808091636162,10,33,137
"image3",376,345,360.16523985526,36,33.906446220751,0.094141361988117,0.991137403963021,10,33,137
"image3",376,345,360.16523985526,37,33.2993499654525,0.0924557571930998,0.991451932961849,10,33,137
"image3",376,345,360.16523985526,38,32.7498689790399,0.0909301213859536,0.991731713024735,10,33,137
"image3",376,345,360.16523985526,39,32.2205544154191,0.0894604777195254,0.991996822926193,10,33,137
"image3",376,345,360.16523985526,40,31.6985304288205,0.0880110763647241,0.992254050437121,10,33,137
"image3",376,345,360.16523985526,41,31.1999183779716,0.0866266783282861,0.992495818601806,10,33,137
"image3",376,345,360.16523985526,42,30.7294116293242,0.0853203147579524,0.992720443889603,10,33,137
"image3",376,345,360.16523985526,43,30.2799950992288,0.0840725082503727,0.99293181335649,10,33,137
"image3",376,345,360.16523985526,44,29.8543912788518,0.0828908178114285,0.993129112322552,10,33,137
"image3",376,345,360.16523985526,45,29.4366442666164,0.0817309418267185,0.993320053148116,10,33,137
"image3",376,345,360.16523985526,46,29.0404091347023,0.0806307936500834,0.993498675115357,10,33,137
"image3",376,345,360.16523985526,47,28.6461383599641,0.079536099517755,0.993674008873501,10,33,137
"image3",376,345,360.16523985526,48,28.2769476347281,0.078511040227235,0.993836016562436,10,33,137
"image3",376,345,360.16523985526,49,27.9098610954298,0.0774918232160492,0.993995017334652,10,33,137
"image3",376,345,360.16523985526,50,27.5595066652094,0.0765190629620026,0.994144833003416,10,33,137
"image3",376,345,360.16523985526,51,27.2192117825711,0.0755742330756562,0.994288535295025,10,33,137
"image3",376,345,360.16523985526,52,26.8809588006579,0.074635072533542,0.994429605947912,10,33,137
"image3",376,345,360.16523985526,53,26.5438921154423,0.0736992057481992,0.994568427072084,10,33,137
"image3",376,345,360.16523985526,54,26.2158265388458,0.0727883305712155,0.994701858932655,10,33,137
"image3",376,345,360.16523985526,55,25.9053739059459,0.0719263577916527,0.994826599054826,10,33,137
"image3",376,345,360.16523985526,56,25.5926195866076,0.0710579943719514,0.994950761435835,10,33,137
"image3",376,345,360.16523985526,57,25.2996559684691,0.0702445799007041,0.995065698994573,10,33,137
"image3",376,345,360.16523985526,58,25.0044130867115,0.0694248370463513,0.995180192001087,10,33,137
"image3",376,345,360.16523985526,59,24.7199809341285,0.0686351102179174,0.995289221645373,10,33,137
"image3",376,345,360.16523985526,60,24.4426549902912,0.0678651138019703,0.995394326328645,10,33,137
"image3",376,345,360.16523985526,61,24.1709825541381,0.0671108143691259,0.995496138594712,10,33,137
"image3",376,345,360.16523985526,62,23.9026297381396,0.0663657318728075,0.995595589632986,10,33,137
"image3",376,345,360.16523985526,63,23.6417004168114,0.0656412607344126,0.995691224889196,10,33,137
"image3",376,345,360.16523985526,64,23.3854341280221,0.0649297365215477,0.995784129315241,10,33,137
"image3",376,345,360.16523985526,65,23.132882099471,0.0642285249647283,0.995874696580854,10,33,137
"image3",376,345,360.16523985526,66,22.886557894374,0.063544604980679,0.995962083177849,10,33,137
"image3",376,345,360.16523985526,67,22.6413778971707,0.0628638618936953,0.99604813486781,10,33,137
"image3",376,345,360.16523985526,68,22.3973516575888,0.0621863222186284,0.99613286132892,10,33,137
"image3",376,345,360.16523985526,69,22.1567802528132,0.0615183749040227,0.996215489549167,10,33,137
"image3",376,345,360.16523985526,70,21.9216470841912,0.0608655268703909,0.996295387638789,10,33,137
"image3",376,345,360.16523985526,71,21.6937905050464,0.0602328823119202,0.996371999888397,10,33,137
"image3",376,345,360.16523985526,72,21.4703954188646,0.059612625103669,0.996446334928248,10,33,137
"image3",376,345,360.16523985526,73,21.2460601436634,0.0589897574574425,0.996520208515111,10,33,137
"image3",376,345,360.16523985526,74,21.0251038335849,0.0583762715192457,0.99659221092351,10,33,137
"image3",376,345,360.16523985526,75,20.8138378493769,0.0577896908034251,0.996660351636844,10,33,137
"image3",376,345,360.16523985526,76,20.6052158457846,0.0572104511086777,0.99672696428394,10,33,137
"image3",376,345,360.16523985526,77,20.4009454621772,0.056643293701457,0.99679153727865,10,33,137
"image3",376,345,360.16523985526,78,20.1982759659601,0.0560805811634603,0.996854968416367,10,33,137
"image3",376,345,360.16523985526,79,19.9952690311779,0.0555169317261526,0.996917870291713,10,33,137
"image3",376,345,360.16523985526,80,19.7947618726805,0.0549602229261087,0.996979373895911,10,33,137
"image3",376,345,360.16523985526,81,19.5960240965013,0.0544084268220231,0.997039723090752,10,33,137
"image3",376,345,360.16523985526,82,19.3966033884029,0.0538547345551664,0.997099667565991,10,33,137
"image3",376,345,360.16523985526,83,19.19789340528,0.0533030156185951,0.997158788525963,10,33,137
"image3",376,345,360.16523985526,84,19.0063315009408,0.0527711433468118,0.997215206429869,10,33,137
"image3",376,345,360.16523985526,85,18.8189388434828,0.0522508470030188,0.997269848987466,10,33,137
"image3",376,345,360.16523985526,86,18.6340114142888,0.0517373953737934,0.997323241919935,10,33,137
"image3",376,345,360.16523985526,87,18.4525461308709,0.0512335564039616,0.997375122698201,10,33,137
"image3",376,345,360.16523985526,88,18.2706183796472,0.0507284333907115,0.997426626045723,10,33,137
"image3",376,345,360.16523985526,89,18.0911599292144,0.0502301663994134,0.997476930383486,10,33,137
"image3",376,345,360.16523985526,90,17.9165592943159,0.0497453871492874,0.997525396457366,10,33,137
"image3",376,345,360.16523985526,91,17.7459362229132,0.0492716516175873,0.997572304346874,10,33,137
"image3",376,345,360.16523985526,92,17.5745662901405,0.0487958424227811,0.99761896576225,10,33,137
"image3",376,345,360.16523985526,93,17.4046682032688,0.0483241198130703,0.997664779444291,10,33,137
"image3",376,345,360.16523985526,94,17.2387164437527,0.0478633541945369,0.997709099325247,10,33,137
"image3",376,345,360.16523985526,95,17.0777415436274,0.0474164068428438,0.997751684362113,10,33,137
"image3",376,345,360.16523985526,96,16.9168569908096,0.0469697103407536,0.997793846310504,10,33,137
"image3",376,345,360.16523985526,97,16.7563161240497,0.0465239680841594,0.997835520393703,10,33,137
"image3",376,345,360.16523985526,98,16.5964848953735,0.0460801961400916,0.99787661552369,10,33,137
"image3",376,345,360.16523985526,99,16.4395126893554,0.0456443622820514,0.997916592191864,10,33,137
"image3",376,345,360.16523985526,100,16.2828965741891,0.0452095171114588,0.997956099562547,10,33,137
"image3",376,345,360.16523985526,101,16.1279121868013,0.0447792024385326,0.997994823028968,10,33,137
"image3",376,345,360.16523985526,102,15.974666639555,0.0443537156611081,0.998032747907052,10,33,137
"image3",376,345,360.16523985526,103,15.8227938557262,0.0439320403659301,0.998069975829285,10,33,137
"image3",376,345,360.16523985526,104,15.6715434498634,0.0435120931052682,0.998106697753597,10,33,137
"image3",376,345,360.16523985526,105,15.522338052017,0.0430978238162433,0.998142577582303,10,33,137
"image3",376,345,360.16523985526,106,15.3758720224492,0.0426911603924585,0.998177464824344,10,33,137
"image3",376,345,360.16523985526,107,15.229306079713,0.0422842195594256,0.998212044776249,10,33,137
"image3",376,345,360.16523985526,108,15.0831338717501,0.0418783719323151,0.998246201964298,10,33,137
"image3",376,345,360.16523985526,109,14.9368378800312,0.0414721806191897,0.998280058234688,10,33,137
"image3",376,345,360.16523985526,110,14.7918900083433,0.0410697323658654,0.998313277083395,10,33,137
"image3",376,345,360.16523985526,111,14.6508694190267,0.0406781882252559,0.99834528500271,10,33,137
"image3",376,345,360.16523985526,112,14.5109498645835,0.0402897011116759,0.998376739984331,10,33,137
"image3",376,345,360.16523985526,113,14.3710006441069,0.0399011316302545,0.998407899694624,10,33,137
"image3",376,345,360.16523985526,114,14.2315336830256,0.0395139011436662,0.998438651616408,10,33,137
"image3",376,345,360.16523985526,115,14.0948974997181,0.0391345303210894,0.998468488536547,10,33,137
"image3",376,345,360.16523985526,116,13.9579209593533,0.0387542144959979,0.998498110858797,10,33,137
"image3",376,345,360.16523985526,117,13.8239959626815,0.0383823712922351,0.998526793573984,10,33,137
"image3",376,345,360.16523985526,118,13.6897306402503,0.0380095831728564,0.998555271587025,10,33,137
"image3",376,345,360.16523985526,119,13.5563746009175,0.0376393196810592,0.998583281613946,10,33,137
"image3",376,345,360.16523985526,120,13.4230024453296,0.0372690114424255,0.998611020786104,10,33,137
"image3",376,345,360.16523985526,121,13.2893421474253,0.036897903175681,0.998638544741237,10,33,137
"image3",376,345,360.16523985526,122,13.1599044565819,0.0365385189916453,0.998664936629896,10,33,137
"image3",376,345,360.16523985526,123,13.0321110722003,0.036183700230032,0.998690739837662,10,33,137
"image3",376,345,360.16523985526,124,12.9045772602752,0.0358296021722173,0.99871623960818,10,33,137
"image3",376,345,360.16523985526,125,12.7770446883035,0.0354755075571375,0.998741488363563,10,33,137
"image3",376,345,360.16523985526,126,12.6504151245469,0.0351239201474043,0.998766310233478,10,33,137
"image3",376,345,360.16523985526,127,12.5243774174735,0.0347739760297431,0.998790770591082,10,33,137
"image3",376,345,360.16523985526,128,12.4001300950956,0.0344290029212114,0.99881464375785,10,33,137
"image3",376,345,360.16523985526,129,12.2777688141585,0.0340892664130846,0.998837921915417,10,33,137
"image3",376,345,360.16523985526,130,12.1553441127798,0.0337493538178884,0.998860981116874,10,33,137
"image3",376,345,360.16523985526,131,12.0361632146992,0.0334184476534608,0.998883207356432,10,33,137
"image3",376,345,360.16523985526,132,11.9171719176334,0.0330880679168888,0.998905179761526,10,33,137
"image3",376,345,360.16523985526,133,11.8007163372998,0.0327647286063534,0.998926472559351,10,33,137
"image3",376,345,360.16523985526,134,11.6838137777155,0.0324401482564248,0.9989476367811,10,33,137
"image3",376,345,360.16523985526,135,11.5661198263211,0.0321133706044737,0.998968731428419,10,33,137
"image3",376,345,360.16523985526,136,11.4508384238151,0.0317932914026265,0.998989186621787,10,33,137
"image3",376,345,360.16523985526,137,11.3364992469493,0.0314758282934385,0.999009272233241,10,33,137
"image3",376,345,360.16523985526,138,11.2244825307091,0.0311648135039901,0.999028754399261,10,33,137
"image3",376,345,360.16523985526,139,11.1136282854928,0.0308570263192501,0.999047843926732,10,33,137
"image3",376,345,360.16523985526,140,11.0027313350528,0.0305491205633128,0.999066751232807,10,33,137
"image3",376,345,360.16523985526,141,10.8914331832167,0.0302401008703494,0.99908553629935,10,33,137
"image3",376,345,360.16523985526,142,10.7795780569747,0.0299295347360746,0.999104222950481,10,33,137
"image3",376,345,360.16523985526,143,10.6679954617515,0.0296197252850903,0.999122671874035,10,33,137
"image3",376,345,360.16523985526,144,10.5605725120651,0.0293214651039315,0.999140251684158,10,33,137
"image3",376,345,360.16523985526,145,10.4538174403122,0.0290250592881014,0.999157545933321,10,33,137
"image3",376,345,360.16523985526,146,10.3470584517849,0.0287286425973342,0.999174665094514,10,33,137
"image3",376,345,360.16523985526,147,10.2407776427616,0.0284335535735682,0.999191533031178,10,33,137
"image3",376,345,360.16523985526,148,10.1348084968295,0.0281393298834236,0.999208178113711,10,33,137
"image3",376,345,360.16523985526,149,10.0293632754607,0.0278465608715911,0.999224569047624,10,33,137
"image3",376,345,360.16523985526,150,9.92338787065979,0.0275523198036759,0.999240869673435,10,33,137
"image3",376,345,360.16523985526,151,9.81732301911899,0.0272578303865867,0.999257010682615,10,33,137
"image3",376,345,360.16523985526,152,9.71484241450958,0.0269732926431592,0.999272441483986,10,33,137
"image3",376,345,360.16523985526,153,9.61291007260299,0.0266902771529705,0.999287629105497,10,33,137
"image3",376,345,360.16523985526,154,9.51062025073836,0.0264062691184757,0.999302708951242,10,33,137
"image3",376,345,360.16523985526,155,9.40868813085069,0.0261232542447232,0.999317575587665,10,33,137
"image3",376,345,360.16523985526,156,9.3085696800609,0.0258452750293219,0.999332021758658,10,33,137
"image3",376,345,360.16523985526,157,9.20951912811585,0.0255702608386553,0.999346161760642,10,33,137
"image3",376,345,360.16523985526,158,9.11096744531768,0.0252966317598531,0.999360080421606,10,33,137
"image3",376,345,360.16523985526,159,9.0136003882921,0.0250262917984934,0.999373684718816,10,33,137
"image3",376,345,360.16523985526,160,8.9171212568067,0.0247584171653828,0.999387020779464,10,33,137
"image3",376,345,360.16523985526,161,8.82120607169937,0.024492108331288,0.999400136629488,10,33,137
"image3",376,345,360.16523985526,162,8.72690782881759,0.0242302889427216,0.999412893097751,10,33,137
"image3",376,345,360.16523985526,163,8.6337646557471,0.0239716766093717,0.999425358720535,10,33,137
"image3",376,345,360.16523985526,164,8.54045270961301,0.023712595677043,0.999437712806256,10,33,137
"image3",376,345,360.16523985526,165,8.44775693476856,0.0234552255463727,0.999449852394568,10,33,137
"image3",376,345,360.16523985526,166,8.3562599133368,0.0232011837585852,0.9994617050722,10,33,137
"image3",376,345,360.16523985526,167,8.26430911405979,0.0229458820550838,0.999473486496713,10,33,137
"image3",376,345,360.16523985526,168,8.17383451440201,0.022694679024791,0.999484951543961,10,33,137
"image3",376,345,360.16523985526,169,8.08375751836883,0.0224445799422994,0.999496240831213,10,33,137
"image3",376,345,360.16523985526,170,7.9950085192518,0.0221981680477126,0.999507241335325,10,33,137
"image3",376,345,360.16523985526,171,7.9083130740687,0.0219574578525313,0.999517870044653,10,33,137
"image3",376,345,360.16523985526,172,7.82175736473912,0.0217171356344173,0.999528366019835,10,33,137
"image3",376,345,360.16523985526,173,7.73592770295026,0.0214788292897424,0.999538659892341,10,33,137
"image3",376,345,360.16523985526,174,7.65091245250297,0.0212427841608969,0.999548744121093,10,33,137
"image3",376,345,360.16523985526,175,7.56507779050252,0.0210044639331177,0.999558812494882,10,33,137
"image3",376,345,360.16523985526,176,7.48012200829812,0.0207685839180487,0.999568665922038,10,33,137
"image3",376,345,360.16523985526,177,7.39522253344261,0.0205328602405233,0.999578401650342,10,33,137
"image3",376,345,360.16523985526,178,7.31101913277066,0.02029906921531,0.999587947788991,10,33,137
"image3",376,345,360.16523985526,179,7.22840953525515,0.0200697033899219,0.99959720700584,10,33,137
"image3",376,345,360.16523985526,180,7.14514633419668,0.0198385228320981,0.99960643301184,10,33,137
"image3",376,345,360.16523985526,181,7.06195113368614,0.0196075310780244,0.999615544725024,10,33,137
"image3",376,345,360.16523985526,182,6.9807952700705,0.0193822015496994,0.999624330263086,10,33,137
"image3",376,345,360.16523985526,183,6.90039980995723,0.0191589832842567,0.999632933359513,10,33,137
"image3",376,345,360.16523985526,184,6.82047057649425,0.0189370594986768,0.999641387777543,10,33,137
"image3",376,345,360.16523985526,185,6.74170696239671,0.0187183720591859,0.999649622547453,10,33,137
"image3",376,345,360.16523985526,186,6.66355533007112,0.0185013837891436,0.999657698797886,10,33,137
"image3",376,345,360.16523985526,187,6.58582085108907,0.0182855537467628,0.999665638524173,10,33,137
"image3",376,345,360.16523985526,188,6.50939671265558,0.0180733618693228,0.99967335359074,10,33,137
"image3",376,345,360.16523985526,189,6.4338242143067,0.0178635345734426,0.999680894132543,10,33,137
"image3",376,345,360.16523985526,190,6.35808441155611,0.0176532427563283,0.999688363020185,10,33,137
"image3",376,345,360.16523985526,191,6.28172202557537,0.0174412223347811,0.999695803763468,10,33,137
"image3",376,345,360.16523985526,192,6.20610413380818,0.0172312690039223,0.999703083368514,10,33,137
"image3",376,345,360.16523985526,193,6.13233521752856,0.0170264493597243,0.9997101000222,10,33,137
"image3",376,345,360.16523985526,194,6.05814217113474,0.0168204521168376,0.999717072390584,10,33,137
"image3",376,345,360.16523985526,195,5.98603160832394,0.0166202368966243,0.999723767725499,10,33,137
"image3",376,345,360.16523985526,196,5.91380836522863,0.016419708819222,0.999730393162291,10,33,137
"image3",376,345,360.16523985526,197,5.84123860932409,0.0162182186478393,0.99973696938389,10,33,137
"image3",376,345,360.16523985526,198,5.76883674493303,0.0160171946278085,0.999743449476254,10,33,137
"image3",376,345,360.16523985526,199,5.69698415618425,0.0158176956734461,0.999749800503581,10,33,137
"image3",376,345,360.16523985526,200,5.62564913225983,0.0156196337395597,0.999756027041841,10,33,137
"image3",376,345,360.16523985526,201,5.55564058456587,0.0154252547713891,0.999762061515237,10,33,137
"image3",376,345,360.16523985526,202,5.48688472396885,0.0152343538931571,0.999767914461457,10,33,137
"image3",376,345,360.16523985526,203,5.41810465888022,0.0150433858110727,0.999773696543338,10,33,137
"image3",376,345,360.16523985526,204,5.34888194182434,0.0148511887043122,0.999779442194068,10,33,137
"image3",376,345,360.16523985526,205,5.28087011848928,0.0146623536480408,0.999785015385499,10,33,137
"image3",376,345,360.16523985526,206,5.21314946802108,0.0144743270342138,0.999790493856906,10,33,137
"image3",376,345,360.16523985526,207,5.14627599080224,0.0142886525997633,0.999795834406882,10,33,137
"image3",376,345,360.16523985526,208,5.08027419599767,0.0141053983944683,0.999801037736133,10,33,137
"image3",376,345,360.16523985526,209,5.01432011889862,0.0139222766775431,0.999806170212113,10,33,137
"image3",376,345,360.16523985526,210,4.95080667994543,0.0137459314006399,0.999811049369928,10,33,137
"image3",376,345,360.16523985526,211,4.88765829007908,0.0135705996837543,0.999815838824222,10,33,137
"image3",376,345,360.16523985526,212,4.8240565827497,0.0133940093294076,0.999820600514083,10,33,137
"image3",376,345,360.16523985526,213,4.76089058563739,0.0132186287259444,0.999825267854605,10,33,137
"image3",376,345,360.16523985526,214,4.69782812706674,0.0130435355975903,0.999829866179114,10,33,137
"image3",376,345,360.16523985526,215,4.63563175837644,0.0128708471707024,0.999834341293108,10,33,137
"image3",376,345,360.16523985526,216,4.57447463789933,0.0127010442199743,0.999838683475721,10,33,137
"image3",376,345,360.16523985526,217,4.5131607731042,0.01253080606812,0.999842978899282,10,33,137
"image3",376,345,360.16523985526,218,4.45224923401034,0.0123616849749286,0.99984718874458,10,33,137
"image3",376,345,360.16523985526,219,4.393051893062,0.0121973233586546,0.999851225302884,10,33,137
"image3",376,345,360.16523985526,220,4.3333209737544,0.0120314802602712,0.999855243482746,10,33,137
"image3",376,345,360.16523985526,221,4.2737840690437,0.0118661758440687,0.999859193870837,10,33,137
"image3",376,345,360.16523985526,222,4.21466272519689,0.0117020252340027,0.999863062605422,10,33,137
"image3",376,345,360.16523985526,223,4.15542397104441,0.011537548633828,0.999866884971521,10,33,137
"image3",376,345,360.16523985526,224,4.09793684573755,0.0113779354370355,0.99987054258519,10,33,137
"image3",376,345,360.16523985526,225,4.04224664116342,0.0112233113967019,0.999874037281292,10,33,137
"image3",376,345,360.16523985526,226,3.98602376047677,0.0110672083793501,0.999877516898687,10,33,137
"image3",376,345,360.16523985526,227,3.93082447594991,0.0109139473801791,0.999880885752582,10,33,137
"image3",376,345,360.16523985526,228,3.87585261966384,0.0107613178362838,0.999884194038426,10,33,137
"image3",376,345,360.16523985526,229,3.82107915972913,0.0106092391405253,0.999887444044859,10,33,137
"image3",376,345,360.16523985526,230,3.76584594760852,0.0104558839412762,0.999890674491006,10,33,137
"image3",376,345,360.16523985526,231,3.71127616163511,0.0103043707469565,0.999893819943509,10,33,137
"image3",376,345,360.16523985526,232,3.65755641480115,0.0101552176891668,0.999896871553685,10,33,137
"image3",376,345,360.16523985526,233,3.60340045317477,0.0100048534795386,0.999899902906852,10,33,137
"image3",376,345,360.16523985526,234,3.54956045616846,0.00985536654674093,0.999902871750229,10,33,137
"image3",376,345,360.16523985526,235,3.49599106801026,0.0097066309603203,0.9999057813154,10,33,137
"image3",376,345,360.16523985526,236,3.44190206654891,0.00955645266581557,0.999908674212445,10,33,137
"image3",376,345,360.16523985526,237,3.38972623782425,0.00941158630184988,0.999911422043282,10,33,137
"image3",376,345,360.16523985526,238,3.33841127038864,0.00926911012214906,0.999914083597543,10,33,137
"image3",376,345,360.16523985526,239,3.28692345707868,0.00912615403529668,0.999916713312524,10,33,137
"image3",376,345,360.16523985526,240,3.23613506319163,0.00898513988882475,0.999919267261178,10,33,137
"image3",376,345,360.16523985526,241,3.18568240660337,0.00884505791809227,0.999921764950425,10,33,137
"image3",376,345,360.16523985526,242,3.13662320758657,0.00870884488699434,0.999924156020734,10,33,137
"image3",376,345,360.16523985526,243,3.08831721201104,0.00857472312778473,0.999926474123281,10,33,137
"image3",376,345,360.16523985526,244,3.03966050068177,0.00843962760510514,0.999928772685886,10,33,137
"image3",376,345,360.16523985526,245,2.99145304626499,0.00830577944575429,0.999931014027798,10,33,137
"image3",376,345,360.16523985526,246,2.94287480339106,0.00817090179100491,0.999933236363921,10,33,137
"image3",376,345,360.16523985526,247,2.89628924556788,0.008041556833002,0.999935333363701,10,33,137
"image3",376,345,360.16523985526,248,2.84940557062408,0.00791138415181091,0.999937410000802,10,33,137
"image3",376,345,360.16523985526,249,2.80249488283537,0.00778113646936503,0.999939453915244,10,33,137
"image3",376,345,360.16523985526,250,2.75687347392667,0.00765446847406643,0.999941409112379,10,33,137
"image3",376,345,360.16523985526,251,2.71178497254861,0.0075292800983193,0.9999433099412,10,33,137
"image3",376,345,360.16523985526,252,2.66678849632122,0.00740434723071256,0.999945175642086,10,33,137
"image3",376,345,360.16523985526,253,2.62243757006869,0.00728120673478253,0.999946984028485,10,33,137
"image3",376,345,360.16523985526,254,2.5788586574438,0.00716020973728659,0.999948731396517,10,33,137
"image3",376,345,360.16523985526,255,2.5355481894366,0.0070399580771747,0.999950438990271,10,33,137
"image3",376,345,360.16523985526,256,2.49252396827307,0.0069205011823871,0.999952106663384,10,33,137
"image3",376,345,360.16523985526,257,2.4495080525458,0.00680106734767127,0.999953745482932,10,33,137
"image3",376,345,360.16523985526,258,2.40634775445982,0.00668123263485076,0.999955361130478,10,33,137
"image3",376,345,360.16523985526,259,2.36419955982495,0.00656420803066684,0.999956911172929,10,33,137
"image3",376,345,360.16523985526,260,2.3223358693694,0.00644797335329384,0.999958423639634,10,33,137
"image3",376,345,360.16523985526,261,2.28044484544532,0.00633166278445349,0.999959910046383,10,33,137
"image3",376,345,360.16523985526,262,2.24014705476371,0.00621977583307028,0.999961314388586,10,33,137
"image3",376,345,360.16523985526,263,2.19944394398014,0.00610676350906052,0.999962707439444,10,33,137
"image3",376,345,360.16523985526,264,2.15927314730804,0.00599522915697191,0.999964057227355,10,33,137
"image3",376,345,360.16523985526,265,2.11964087698707,0.00588519002510874,0.999965364538368,10,33,137
"image3",376,345,360.16523985526,266,2.07972492534968,0.00577436325111624,0.999966656729044,10,33,137
"image3",376,345,360.16523985526,267,2.03980460049648,0.00566352433487532,0.999967924492108,10,33,137
"image3",376,345,360.16523985526,268,2.00058207711938,0.00555462286678014,0.999969146164807,10,33,137
"image3",376,345,360.16523985526,269,1.96261872179142,0.00544921748300902,0.999970306028822,10,33,137
"image3",376,345,360.16523985526,270,1.92549766862256,0.00534615075401603,0.999971418672115,10,33,137
"image3",376,345,360.16523985526,271,1.88898968441389,0.00524478621305327,0.999972492217579,10,33,137
"image3",376,345,360.16523985526,272,1.85257025044764,0.00514366753213645,0.999973542684318,10,33,137
"image3",376,345,360.16523985526,273,1.81631016352102,0.0050429912788112,0.999974568238961,10,33,137
"image3",376,345,360.16523985526,274,1.78058572973194,0.00494380226822418,0.999975558819132,10,33,137
"image3",376,345,360.16523985526,275,1.74507918933611,0.00484521823937648,0.999976523860212,10,33,137
"image3",376,345,360.16523985526,276,1.70983605429451,0.00474736555638085,0.999977462520274,10,33,137
"image3",376,345,360.16523985526,277,1.67446984500526,0.00464917115732262,0.999978385207549,10,33,137
"image3",376,345,360.16523985526,278,1.63894212908275,0.00455052833455387,0.999979292691876,10,33,137
"image3",376,345,360.16523985526,279,1.60450959546722,0.00445492628914446,0.999980153631758,10,33,137
"image3",376,345,360.16523985526,280,1.56999681802171,0.0043591014464712,0.999980998234579,10,33,137
"image3",376,345,360.16523985526,281,1.53524892543618,0.00426262380582076,0.99998183003829,10,33,137
"image3",376,345,360.16523985526,282,1.50161778459049,0.00416924683013259,0.999982617380869,10,33,137
"image3",376,345,360.16523985526,283,1.4676150967849,0.00407483825306042,0.999983395693211,10,33,137
"image3",376,345,360.16523985526,284,1.43360941491924,0.00398042136297041,0.999984156245773,10,33,137
"image3",376,345,360.16523985526,285,1.39936700115975,0.00388534718598085,0.999984904077244,10,33,137
"image3",376,345,360.16523985526,286,1.36442282773651,0.00378832457092424,0.999985648596945,10,33,137
"image3",376,345,360.16523985526,287,1.33044590657818,0.00369398753503488,0.99998635445609,10,33,137
"image3",376,345,360.16523985526,288,1.29696623342767,0.00360103110991189,0.999987032574945,10,33,137
"image3",376,345,360.16523985526,289,1.26420339364301,0.00351006497504049,0.99998767944387,10,33,137
"image3",376,345,360.16523985526,290,1.23156589858669,0.00341944686022899,0.99998830738317,10,33,137
"image3",376,345,360.16523985526,291,1.19926590909017,0.00332976583073958,0.999988912659512,10,33,137
"image3",376,345,360.16523985526,292,1.16676591547205,0.00323952948913377,0.999989505448688,10,33,137
"image3",376,345,360.16523985526,293,1.13629156935424,0.00315491736462652,0.999990046496422,10,33,137
"image3",376,345,360.16523985526,294,1.10660030708706,0.00307247947506476,0.999990559869875,10,33,137
"image3",376,345,360.16523985526,295,1.0770124009553,0.00299032855416064,0.999991057935138,10,33,137
"image3",376,345,360.16523985526,296,1.04864936452242,0.00291157848809574,0.999991522710707,10,33,137
"image3",376,345,360.16523985526,297,1.02042161735771,0.00283320405313902,0.999991972954793,10,33,137
"image3",376,345,360.16523985526,298,0.993086125251822,0.00275730696735452,0.999992397258287,10,33,137
"image3",376,345,360.16523985526,299,0.965400297710874,0.00268043717405611,0.999992815256555,10,33,137
"image3",376,345,360.16523985526,300,0.937942231416402,0.00260419976062469,0.999993218143606,10,33,137
"image3",376,345,360.16523985526,301,0.911529054658867,0.00253086348650742,0.999993594730012,10,33,137
"image3",376,345,360.16523985526,302,0.88543415175653,0.00245841090081974,0.999993956215842,10,33,137
"image3",376,345,360.16523985526,303,0.858829475505823,0.00238454292771551,0.999994313955025,10,33,137
"image3",376,345,360.16523985526,304,0.83224159073112,0.00231072157620089,0.999994660565797,10,33,137
"image3",376,345,360.16523985526,305,0.805860177404407,0.00223747349335615,0.999994993712366,10,33,137
"image3",376,345,360.16523985526,306,0.780490425291648,0.00216703429127504,0.99999530396238,10,33,137
"image3",376,345,360.16523985526,307,0.755042488878223,0.00209637801022012,0.999995605199238,10,33,137
"image3",376,345,360.16523985526,308,0.731114983568669,0.0020299432112396,0.999995879330559,10,33,137
"image3",376,345,360.16523985526,309,0.707428308118412,0.00196417707717354,0.999996142008409,10,33,137
"image3",376,345,360.16523985526,310,0.683562628044054,0.00189791393616651,0.99999639792269,10,33,137
"image3",376,345,360.16523985526,311,0.660321368592263,0.0018333845011185,0.999996638701271,10,33,137
"image3",376,345,360.16523985526,312,0.637250471059561,0.00176932807651192,0.999996869478157,10,33,137
"image3",376,345,360.16523985526,313,0.614735432527912,0.00170681499629158,0.999997086782568,10,33,137
"image3",376,345,360.16523985526,314,0.592293170300594,0.00164450397972503,0.99999729560666,10,33,137
"image3",376,345,360.16523985526,315,0.57069351790567,0.00158453247219253,0.999997489256844,10,33,137
"image3",376,345,360.16523985526,316,0.549067584248059,0.00152448799464577,0.999997675936354,10,33,137
"image3",376,345,360.16523985526,317,0.526831841486491,0.00146275038007057,0.999997860361325,10,33,137
"image3",376,345,360.16523985526,318,0.504630362052929,0.00140110789774084,0.999998036896658,10,33,137
"image3",376,345,360.16523985526,319,0.482254792021504,0.00133898205228052,0.999998207127063,10,33,137
"image3",376,345,360.16523985526,320,0.460523519359352,0.00127864510063332,0.999998365066706,10,33,137
"image3",376,345,360.16523985526,321,0.438226559232763,0.00121673751583821,0.999998519549817,10,33,137
"image3",376,345,360.16523985526,322,0.417902196437937,0.00116030685417027,0.999998653688004,10,33,137
"image3",376,345,360.16523985526,323,0.397427682466973,0.00110345929725669,0.999998782377579,10,33,137
"image3",376,345,360.16523985526,324,0.377154583665879,0.00104717097023979,0.999998903432959,10,33,137
"image3",376,345,360.16523985526,325,0.35696402595251,0.00099111181883061,0.999999017697362,10,33,137
"image3",376,345,360.16523985526,326,0.337864757200942,0.000938082634894803,0.99999912000097,10,33,137
"image3",376,345,360.16523985526,327,0.320411462537186,0.000889623503550619,0.999999208570022,10,33,137
"image3",376,345,360.16523985526,328,0.302340726392204,0.000839450043856829,0.999999295323624,10,33,137
"image3",376,345,360.16523985526,329,0.284274821334013,0.000789289997691767,0.999999377021299,10,33,137
"image3",376,345,360.16523985526,330,0.266722235540443,0.000740555184191651,0.999999451578019,10,33,137
"image3",376,345,360.16523985526,331,0.248530113115415,0.00069004469508299,0.999999523838318,10,33,137
"image3",376,345,360.16523985526,332,0.231054297083453,0.000641523033084221,0.999999588448198,10,33,137
"image3",376,345,360.16523985526,333,0.213667831127988,0.000593249451873409,0.999999648055088,10,33,137
"image3",376,345,360.16523985526,334,0.197484143142366,0.000548315387741828,0.999999699350235,10,33,137
"image3",376,345,360.16523985526,335,0.180829732696893,0.000502074361117033,0.999999747921336,10,33,137
"image3",376,345,360.16523985526,336,0.164616431241909,0.000457058075088154,0.999999791097916,10,33,137
"image3",376,345,360.16523985526,337,0.150083089935249,0.000416706204062232,0.999999826355939,10,33,137
"image3",376,345,360.16523985526,338,0.134724675323135,0.000374063514228294,0.999999860076487,10,33,137
"image3",376,345,360.16523985526,339,0.119620653015321,0.000332127145482982,0.999999889691559,10,33,137
"image3",376,345,360.16523985526,340,0.10447407231449,0.000290072613216297,0.999999915857879,10,33,137
"image3",376,345,360.16523985526,341,0.090030012979319,0.000249968633884545,0.999999937515682,10,33,137
"image3",376,345,360.16523985526,342,0.0751318580983001,0.000208603856742237,0.999999956484431,10,33,137
"image3",376,345,360.16523985526,343,0.0591821329645897,0.000164319391256006,0.999999972999138,10,33,137
"image3",376,345,360.16523985526,344,0.0388455591269555,0.000107854825586629,0.999999988367337,10,33,137
"image3",376,345,360.16523985526,345,8.10965224828926e-13,2.25164767470295e-15,1,10,33,137
"image4",213,119,159.204271299484,1,122.805297775258,0.771369365739224,0.404989301599067,11,28,65
"image4",213,119,159.204271299484,2,95.4183839331039,0.59934562781679,0.640784818416897,11,28,65
"image4",213,119,159.204271299484,3,83.0759235304745,0.521819690215458,0.727704210903443,11,28,65
"image4",213,119,159.204271299484,4,73.8627268214123,0.463949404237194,0.784750950307952,11,28,65
"image4",213,119,159.204271299484,5,65.5732366960688,0.411881139625437,0.830353926820851,11,28,65
"image4",213,119,159.204271299484,6,58.3371938466742,0.366429828612665,0.865729180702893,11,28,65
"image4",213,119,159.204271299484,7,52.6281400118604,0.330569899804133,0.890723541343485,11,28,65
"image4",213,119,159.204271299484,8,47.987633467477,0.301421771387062,0.909144915733885,11,28,65
"image4",213,119,159.204271299484,9,43.3846393455555,0.272509267442601,0.925738699157897,11,28,65
"image4",213,119,159.204271299484,10,39.1928475987765,0.246179623692693,0.939395592878523,11,28,65
"image4",213,119,159.204271299484,11,35.4560645210345,0.222707997917574,0.950401147663545,11,28,65
"image4",213,119,159.204271299484,12,33.1043375045923,0.207936239614568,0.956762520254952,11,28,65
"image4",213,119,159.204271299484,13,31.0141888263532,0.194807517243123,0.96205003122557,11,28,65
"image4",213,119,159.204271299484,14,29.0061233797838,0.182194379227549,0.966805208177888,11,28,65
"image4",213,119,159.204271299484,15,27.3128725423367,0.171558666858615,0.970567623825694,11,28,65
"image4",213,119,159.204271299484,16,25.715796748316,0.161527052876246,0.973909011189114,11,28,65
"image4",213,119,159.204271299484,17,24.5102522961094,0.153954740636339,0.976297937835597,11,28,65
"image4",213,119,159.204271299484,18,23.3757921489018,0.146828925870518,0.97844126652771,11,28,65
"image4",213,119,159.204271299484,19,22.2408485606903,0.139700074496446,0.980483889185687,11,28,65
"image4",213,119,159.204271299484,20,21.1809410505428,0.133042542625623,0.982299681851709,11,28,65
"image4",213,119,159.204271299484,21,20.2136821238554,0.126966958605218,0.983879391422541,11,28,65
"image4",213,119,159.204271299484,22,19.3187875564296,0.121345912385029,0.985275169547445,11,28,65
"image4",213,119,159.204271299484,23,18.5559364630809,0.116554262719339,0.986415103841951,11,28,65
"image4",213,119,159.204271299484,24,17.9344606323405,0.112650624797644,0.9873098367327,11,28,65
"image4",213,119,159.204271299484,25,17.3138075067286,0.108752154483086,0.988172968895287,11,28,65
"image4",213,119,159.204271299484,26,16.7301523958379,0.105086077523424,0.988956916310741,11,28,65
"image4",213,119,159.204271299484,27,16.1278566347733,0.101302914194021,0.989737719575799,11,28,65
"image4",213,119,159.204271299484,28,15.5619728474381,0.097748463156268,0.990445237950587,11,28,65
"image4",213,119,159.204271299484,29,15.0439394542613,0.0944945718570683,0.991070775889549,11,28,65
"image4",213,119,159.204271299484,30,14.5575545111029,0.0914394720209375,0.991638822956532,11,28,65
"image4",213,119,159.204271299484,31,14.1143820678224,0.0886558002031952,0.992140149090331,11,28,65
"image4",213,119,159.204271299484,32,13.6979851409047,0.0860403117899833,0.992597064747082,11,28,65
"image4",213,119,159.204271299484,33,13.296056996718,0.083515705252068,0.99302512697625,11,28,65
"image4",213,119,159.204271299484,34,12.9234780588242,0.0811754480789866,0.993410546629175,11,28,65
"image4",213,119,159.204271299484,35,12.54624818377,0.0788059772603013,0.993789617948049,11,28,65
"image4",213,119,159.204271299484,36,12.1905810636901,0.0765719472485634,0.994136736894563,11,28,65
"image4",213,119,159.204271299484,37,11.8409695016814,0.0743759536413877,0.994468217519934,11,28,65
"image4",213,119,159.204271299484,38,11.5019044950606,0.072246205464073,0.994780485796043,11,28,65
"image4",213,119,159.204271299484,39,11.1663205866112,0.0701383228946535,0.995080615661525,11,28,65
"image4",213,119,159.204271299484,40,10.8424338658154,0.068103913150793,0.995361857013549,11,28,65
"image4",213,119,159.204271299484,41,10.533687866119,0.0661646058873872,0.995622244927767,11,28,65
"image4",213,119,159.204271299484,42,10.2318345442629,0.0642685931774748,0.995869547930988,11,28,65
"image4",213,119,159.204271299484,43,9.93827424795627,0.0624246709390169,0.996103160458155,11,28,65
"image4",213,119,159.204271299484,44,9.64623432882835,0.0605902985522449,0.99632881572135,11,28,65
"image4",213,119,159.204271299484,45,9.34957512880488,0.0587269113604188,0.996551149882065,11,28,65
"image4",213,119,159.204271299484,46,9.06209411302562,0.0569211745329284,0.996759979889792,11,28,65
"image4",213,119,159.204271299484,47,8.77888996038404,0.0551423017028846,0.996959326562908,11,28,65
"image4",213,119,159.204271299484,48,8.50657259657563,0.0534318113901206,0.99714504153157,11,28,65
"image4",213,119,159.204271299484,49,8.24131160989342,0.0517656438651098,0.99732031811523,11,28,65
"image4",213,119,159.204271299484,50,7.99348107772891,0.0502089611822796,0.997479060216996,11,28,65
"image4",213,119,159.204271299484,51,7.7506907573103,0.0486839372715713,0.997629874251738,11,28,65
"image4",213,119,159.204271299484,52,7.52580563511151,0.0472713801814681,0.997765416615739,11,28,65
"image4",213,119,159.204271299484,53,7.30365849714075,0.0458760210233406,0.997895390695066,11,28,65
"image4",213,119,159.204271299484,54,7.08290047788359,0.0444893872511732,0.998020694422015,11,28,65
"image4",213,119,159.204271299484,55,6.87404793579314,0.043177534620677,0.99813570050408,11,28,65
"image4",213,119,159.204271299484,56,6.66757007672609,0.0418805979406389,0.998246015516134,11,28,65
"image4",213,119,159.204271299484,57,6.4703284128042,0.0406416760052414,0.998348254171485,11,28,65
"image4",213,119,159.204271299484,58,6.27327848870338,0.0394039584333923,0.998447328059779,11,28,65
"image4",213,119,159.204271299484,59,6.07458144272319,0.0381558948961621,0.998544127684673,11,28,65
"image4",213,119,159.204271299484,60,5.89352548336583,0.0370186392316029,0.99862962034944,11,28,65
"image4",213,119,159.204271299484,61,5.71717238724007,0.0359109233726859,0.998710405582521,11,28,65
"image4",213,119,159.204271299484,62,5.53947016839687,0.0347947333522001,0.998789326530949,11,28,65
"image4",213,119,159.204271299484,63,5.36915863043216,0.0337249659610706,0.998862626670925,11,28,65
"image4",213,119,159.204271299484,64,5.19652430780858,0.0326406086054892,0.998934590669863,11,28,65
"image4",213,119,159.204271299484,65,5.03058708963574,0.0315983173602958,0.999001546339998,11,28,65
"image4",213,119,159.204271299484,66,4.86661797522401,0.0305683882442404,0.999065573640149,11,28,65
"image4",213,119,159.204271299484,67,4.70917278640241,0.0295794374608445,0.9991250568795,11,28,65
"image4",213,119,159.204271299484,68,4.56644563548254,0.0286829341839231,0.999177289286601,11,28,65
"image4",213,119,159.204271299484,69,4.42222672485092,0.0277770608084511,0.999228434892844,11,28,65
"image4",213,119,159.204271299484,70,4.27620379290618,0.0268598559448325,0.999278548138623,11,28,65
"image4",213,119,159.204271299484,71,4.13631760862424,0.0259811974569657,0.999324977378702,11,28,65
"image4",213,119,159.204271299484,72,4.00235736610784,0.0251397612227305,0.999367992405664,11,28,65
"image4",213,119,159.204271299484,73,3.86898391284312,0.0243020107517408,0.999409412273422,11,28,65
"image4",213,119,159.204271299484,74,3.73476404918751,0.0234589437752077,0.999449677956952,11,28,65
"image4",213,119,159.204271299484,75,3.60409482254691,0.0226381791966318,0.999487512842661,11,28,65
"image4",213,119,159.204271299484,76,3.47468845889489,0.0218253469616939,0.999523654230002,11,28,65
"image4",213,119,159.204271299484,77,3.35634543667266,0.021082006213005,0.999555549014035,11,28,65
"image4",213,119,159.204271299484,78,3.23564802599493,0.0203238769888796,0.999586940024141,11,28,65
"image4",213,119,159.204271299484,79,3.12309106472136,0.0196168798690483,0.999615178024203,11,28,65
"image4",213,119,159.204271299484,80,3.00758086692382,0.0188913327662307,0.999643117546316,11,28,65
"image4",213,119,159.204271299484,81,2.89586872570474,0.0181896421626605,0.999669136917995,11,28,65
"image4",213,119,159.204271299484,82,2.78694025346697,0.0175054364478976,0.999693559694769,11,28,65
"image4",213,119,159.204271299484,83,2.6781013935416,0.0168217936094424,0.999717027259761,11,28,65
"image4",213,119,159.204271299484,84,2.56579390853131,0.0161163635095237,0.999740262827229,11,28,65
"image4",213,119,159.204271299484,85,2.4550091367864,0.0154204979348086,0.999762208243443,11,28,65
"image4",213,119,159.204271299484,86,2.35697162262886,0.0148047009253608,0.999780820830511,11,28,65
"image4",213,119,159.204271299484,87,2.25880674291341,0.0141881039024657,0.999798697707653,11,28,65
"image4",213,119,159.204271299484,88,2.16461627024208,0.0135964710781544,0.999815135974221,11,28,65
"image4",213,119,159.204271299484,89,2.07224822497723,0.0130162853550522,0.999830576315556,11,28,65
"image4",213,119,159.204271299484,90,1.97897320533069,0.0124304027095352,0.999845485088479,11,28,65
"image4",213,119,159.204271299484,91,1.89080605878219,0.0118766038332309,0.999858946281388,11,28,65
"image4",213,119,159.204271299484,92,1.80597880800455,0.0113437836388652,0.999871318572755,11,28,65
"image4",213,119,159.204271299484,93,1.72339117845848,0.0108250310396293,0.999882818702991,11,28,65
"image4",213,119,159.204271299484,94,1.64300121550675,0.0103200825084401,0.999893495897019,11,28,65
"image4",213,119,159.204271299484,95,1.5631445177216,0.0098184835429517,0.999903597380917,11,28,65
"image4",213,119,159.204271299484,96,1.48425159998748,0.00932293830983594,0.999913082821271,11,28,65
"image4",213,119,159.204271299484,97,1.40936838735656,0.00885257899083216,0.999921631845211,11,28,65
"image4",213,119,159.204271299484,98,1.33719212687444,0.00839922268391285,0.999929453058306,11,28,65
"image4",213,119,159.204271299484,99,1.26821833043753,0.00796598181748429,0.999936543133684,11,28,65
"image4",213,119,159.204271299484,100,1.19856405010454,0.00752846666940161,0.999943322189608,11,28,65
"image4",213,119,159.204271299484,101,1.12789161050083,0.00708455622009737,0.999949809063164,11,28,65
"image4",213,119,159.204271299484,102,1.06904018695643,0.00671489639210385,0.999954910166443,11,28,65
"image4",213,119,159.204271299484,103,1.01107548365197,0.00635080626542995,0.999959667259779,11,28,65
"image4",213,119,159.204271299484,104,0.955507104440016,0.00600176802193065,0.999963978780611,11,28,65
"image4",213,119,159.204271299484,105,0.898672518516623,0.00564477643207261,0.999968136499032,11,28,65
"image4",213,119,159.204271299484,106,0.844824211177791,0.00530654237026446,0.999971840608073,11,28,65
"image4",213,119,159.204271299484,107,0.789026768268983,0.00495606532305104,0.999975437416514,11,28,65
"image4",213,119,159.204271299484,108,0.732275628949659,0.00459959788121609,0.999978843699331,11,28,65
"image4",213,119,159.204271299484,109,0.679984258128556,0.00427114330902226,0.999981757334834,11,28,65
"image4",213,119,159.204271299484,110,0.628605991338657,0.00394842416103376,0.999984409946645,11,28,65
"image4",213,119,159.204271299484,111,0.57520134910173,0.00361297686554967,0.999986946398169,11,28,65
"image4",213,119,159.204271299484,112,0.525995086317611,0.0033039005927683,0.999989084240873,11,28,65
"image4",213,119,159.204271299484,113,0.475043637591886,0.00298386239084168,0.999991096565233,11,28,65
"image4",213,119,159.204271299484,114,0.419532151538527,0.00263518150684118,0.999993055818426,11,28,65
"image4",213,119,159.204271299484,115,0.36167350664342,0.00227175755833249,0.999994839117596,11,28,65
"image4",213,119,159.204271299484,116,0.295781349853474,0.00185787320553146,0.999996548307152,11,28,65
"image4",213,119,159.204271299484,117,0.228912584078337,0.00143785453876248,0.999997932574325,11,28,65
"image4",213,119,159.204271299484,118,0.150256494991494,0.000943796882866549,0.999999109247444,11,28,65
"image4",213,119,159.204271299484,119,2.07487649963785e-13,1.3032794175068e-15,1,11,28,65
